rank,GEP1,GEP2,GEP3,GEP4,GEP5,GEP6,GEP7,GEP8,GEP9,GEP10,GEP11,GEP12
1,RNASE6,LRRN3,LDLRAP1,PPP1R15A,LTK,FCGR3A,NRROS,LAPTM4B,GNG4,PFKFB2,SKA3,PRRG3
2,CCR9,SMURF2,AK5,GPR183,NCR3,PRSS23,RTP5,DUSP4,PTPN14,JCHAIN,TYMS,AL138963.3
3,RFLNB,CD101,NOSIP,LMNA,SLC4A10,FCRL6,LINC01307,FOXP3,UCA1,UGT3A2,PCLAF,LRRC75A
4,RNASET2,DAPK2,DSC1,AL136454.1,PRR5,CX3CR1,RAB32,IKZF4,HBS1L,PTCRA,NCAPH,SH3D19
5,ITM2A,CDH1,NELL2,FOSB,SCART1,LILRB1,TMEM163,TNIP3,KCNJ2,ATP6AP1L,RAD51AP1,AC010422.3
6,ELFN1,PCNT,USP53,NBEAL1,CXXC5,GZMB,PPM1H,ZC3H12C,AC008074.2,MFAP4,MYBL2,AC010761.1
7,TRAT1,AP1M1,VIPR1,ATP5MGL,RORC,FGFBP2,RTKN2,MIR3142HG,CREB3L3,BAHCC1,CDCA5,ATG10
8,SATB1,STK17A,CITED4,WDR74,FLT4,TTC38,CPNE7,TNFRSF1B,CACNA1C.AS2,CPA4,MKI67,FGF23
9,SIT1,FBLN2,LINC00402,ZNF90,PLXND1,ADGRG1,UBASH3B,BIRC3,CTTN,MYO7B,DSCC1,FAM126A
10,LZTFL1,ROBO1,SH3YL1,AC007952.4,SPCS3,FGR,RCBTB2,KIF26B,FZD3,MAP1A,CDC25A,PABPC3
11,CD40LG,PLXDC1,COL18A1,ARHGAP15,BLK,CMKLR1,FGD4,RBMS3,KCNG3,NEGR1,E2F2,AC015802.6
12,ADGRE1,MAN1C1,ABO,YPEL5,ITCH,NCR1,AC004585.1,NDNF,GCSAML,CEP70,KIF15,VPS53
13,TOX2,CPA5,LINC00861,FOS,CCR1,ZEB2,MME,M6PR,C11orf96,TLR7,ASF1B,PPT1
14,LRRN2,AC005332.6,NRCAM,FXYD1,ADAM12,CXCR2,CCDC50,CTLA4,SLC7A5,PIGZ,CLSPN,MAP3K12
15,ZBTB7B,CLEC2D,TCEA3,NACA2,KLRB1,GZMH,PRKAR2B,SMS,MINDY2,RGPD3,FAM111B,AC245140.2
16,SAT2,PECAM1,VSIG1,BTG2,CTSA,HLA.DRB5,PON2,LMCD1,NFATC1,GUCY1A1,PKMYT1,PTGER4
17,SYNJ2,ASIC1,SELL,SLC2A3,TMEM171,C1orf21,RGS18,SUOX,SHISA2,NOTCH3,CDT1,ZBTB20
18,STXBP2,COA1,TRABD2A,SAT1,GZMK,KIR3DL2,TRG.AS1,DNPH1,AL021154.1,ELFN2,CENPU,CYTIP
19,DLG4,FAM32A,APBA2,HNRNPA1P48,NR1D1,KLRD1,TRIM16,ZNF662,CENPV,NDST3,TK1,SENP5
20,CDH24,SPON1,DSEL,CD69,IL18R1,PTPN12,GAS6,LINC01480,YEATS2.AS1,PHLDB1,RRM2,CNTD1
21,ARHGAP31,ADAMTS10,AC090948.1,JUN,ARHGAP10,ITGAM,LMO2,ICA1,NR4A3,GAB2,SPC24,GPM6A
22,CAMK1D,ACTN1,IL6R,IER2,ME1,HLA.DPB1,GCSAM,IRF4,LYPD3,SLC8A1.AS1,DIAPH3,PAXBP1
23,MMRN1,CD248,CFAP97D2,KLF6,ERN1,JAZF1,HIPK2,NRIP1,FILIP1L,TNFAIP2,MCM10,AP003352.1
24,RGS12,CCR7,LDHB,EIF5AL1,LGALS3,HLA.DRB1,TMEM200A,LTA,MAPRE2,MZB1,GINS1,AC008040.5
25,EPHB6,SLC12A7,PRKCA,TNF,TNFSF14,PDGFD,TATDN3,EBI3,DPY19L3,PXYLP1,FOXM1,AP001267.1
26,OSBPL8,PAK1,SFRP5,ITGB1,CEBPD,TBX21,LAT2,LAYN,HOMER1,SERINC2,NCAPG,AC021224.1
27,HPGD,CD9,SLC7A8,TUBA1A,CFH,FUT11,HIP1,PTGIR,NR4A1,CCDC26,PBK,LPAR4
28,PLCH1,DIP2A,TAB2,SRSF7,FHL3,SPON2,CYP4F2,FAM69C,NCR3LG1,TSHR,TRIP13,WDR66
29,TRIM24,STAG3,RASGRP2,PPDPF,COL5A3,CEP78,BICC1,PTPN3,ATP9A,UMODL1,ZWINT,LENG9
30,LRRC4,CRTAM,EIF2S3,S100A11,COLQ,PATL2,TSPAN7,SQLE,CD82,ARPP21,SHCBP1,B3GAT2
31,FBLN5,CD8B2,NAP1L1,DBET,CCR6,LYN,TRDC,CACNB2,FRY,RAPGEF5,PLK4,NBPF15
32,BACH2,DBH.AS1,COX4I1,ATP2B1.AS1,CYP2E1,KLRF1,RAB37,PRICKLE1,SMIM10,LRRC28,CCNA2,KLF15
33,TFPI,CDK5R1,KLF9,PI16,PHACTR2,PTGDR,HS3ST3B1,WNT10A,BCL6,GALNT2,BIRC5,C1orf56
34,LINC02295,AC005332.3,RPL4,GDPD5,ODF2L,ENPP4,MPZL1,SNX9,FGFR1,NR5A1,CHEK1,BEST1
35,CD4,IGFBP5,NOP53,HSPA1B,P2RY14,SETBP1,SLC44A1,ATP1B1,ICOSLG,GPR162,OIP5,AC068888.1
36,STAT5A,BCL11A,UBALD2,JUND,CCR2,MYOM2,P2RX5,LRRC32,ZNF704,RUFY3,UBE2T,AC020978.5
37,PTP4A3,STMN3,RNF157,RGCC,FKBP11,FAM49A,ITGB2.AS1,CCL22,MSL2,STRA6,BUB1B,AC011466.1
38,NMT2,CHI3L2,FAM153A,SAMSN1,IL17RE,PRR5L,CD84,TRIB1,RUBCNL,KCNK17,EXO1,AC084756.1
39,EFNA1,SLC7A3,SNED1,Z93241.1,SSR3,PLOD1,IGF2BP2,RAB33A,SDCBP,HOXA7,WDR34,AKTIP
40,PDGFA,DYRK2,PDE3B,USP46,AGAP1,ITGAX,CR2,ST6GALNAC3,MYB,TNFRSF21,RAD54L,CCDC170
41,DAD1,CHMP7,EIF3H,NHSL2,PRSS35,XCL2,TSPOAP1.AS1,TBC1D8,CACNA1C.AS1,CEP128,BRCA1,AL133453.1
42,SPRED2,PRL,EIF3L,TIPIN,MATK,CTBP2,JCAD,CHGB,PAK2,LUNAR1,DTL,LYSMD2
43,ST6GAL1,KCNQ1,TXNIP,CLK1,ELK3,B3GAT1,SLC6A3,ZC3H7A,MCCC2,SERTAD4,FANCI,PAN3
44,MARCKSL1,TTN,COMMD6,NPDC1,JAML,CCL3,CLDND1,RAB30,CHRNA2,SYK,CDC6,AL135790.1
45,BCL11B,ABLIM1,RPS26,FXYD5,CCR5,NMUR1,GAS7,FBLN7,PTPN7,SLC43A2,MCM4,IL24
46,MAP4K4,RGS10,THEM4,RGS1,SESN1,GNLY,BAZ2B,PKIA,CAV1,AC002454.1,CDC45,NXF1
47,KAZN,ERMP1,CACNA1I,TAGLN2,DDIT4,MTSS1,PRDM16,SDC4,AC124798.1,PEX5L,GMNN,AL121985.1
48,GSTA4,IFI44L,PABPC4,VAMP8,NEO1,KLRC2,EEPD1,FAM198A,CRIM1,ST3GAL6,CENPW,AC092069.1
49,CUBN,SIRPG,EEF2,FXYD7,CANX,PALLD,DPF3,PHKB,ADAM10,ARL11,FEN1,CACNA1A
50,ATP6V0A1,SPINK2,EPHA1.AS1,P2RY10,SCRN1,LGR6,IQCA1,CD83,SCD,NINL,TOP2A,HNRNPA1P48
51,MAD1L1,CD8B,MMP28,ADAM19,SPTSSB,MXRA7,CMIP,REL,BCAT1,JAM3,BRCA2,AL445686.2
52,RASGRP1,PLEKHF1,NOG,SOCS3,TLE1,GOLM1,MLLT11,EPSTI1,HIVEP3,AC084033.3,ATAD2,NOMO1
53,ARID1A,PGGHG,FKBP5,DUSP5,IL4I1,CCL4L2,CHRNA5,VSIG4,EGR2,AC245060.5,SGO1,AC005944.1
54,TPM2,LNPEP,RNF138,LPAR6,DPP4,HLA.DQA1,EFHC1,NFKB2,MAOB,RFX8,PCNA,AL138478.1
55,MARCKS,AUTS2,AC243960.1,TIMP1,PLD1,RAP2A,DUSP6,TFRC,AK6,LETM1,NEIL3,DEGS2
56,USP49,ZNF496,PIK3IP1,CSRNP1,IL23R,FCRL3,MTCL1,TNFRSF4,PDCD1,CNPY3,CEP55,AC145285.6
57,PIK3C2B,CEP41,REG4,CSNK2A3,RBM24,KIR2DL3,SPIB,COL9A2,AC022239.1,REPIN1,ORC1,KCNQ1OT1
58,DZIP3,KIAA1671,RPLP2,ABHD15.AS1,GLRX,HLA.DPA1,STXBP1,VDR,NUCB2,PRUNE2,E2F7,CHMP1B.AS1
59,AC013264.1,SOX12,RGMB,TNFAIP3,B3GALT2,RASSF4,IL10,GADD45G,ALDH1A2,TNFSF4,POLQ,PDE4B
60,PTGFRN,PRKAR1B,TBXA2R,RILPL2,LATS2,TIGIT,AC079610.2,TNFRSF9,PHEX,FRMD4A,KIF11,AL731577.1
61,LAT,CD7,EEF1B2,AP001496.2,KIF5C,SYT11,SMIM24,PNOC,SPTBN2,ADA,CDK1,AC008440.2
62,HNRNPA2B1,ACAP1,RPS15,LINC01641,CXCR6,HOXC4,AC136475.9,DNAH8,SOCS1,IGLL1,POLE2,TMEM243
63,ZBTB18,OLFM2,XIST,PTGER4,LST1,CCL4,GCNA,GNB4,PRDX1,NOTCH1,CHAF1A,FARP1
64,MSL3,SARDH,RPS16,GALM,TMEM91,TPST2,SPRY2,BCL2L11,CD200,AL357060.1,CCNE2,TMA7
65,VIPR2,ULK2,RASA3,LMNTD1,RUNX2,KLRC3,CNR2,LINC01281,BZW1,UGP2,XRCC2,HNRNPA1L2
66,ASAP1,CTSD,EIF3E,KMT2E.AS1,WHRN,ARPC5L,MGST2,BASP1,PARK7,BMF,ESCO2,HMGA2
67,PROSER2,DENND2D,ATXN8OS,HIPK1.AS1,GALC,ITGAL,SLC25A33,PHC1,RHOBTB2,H1F0,RRM1,AC001226.2
68,AXIN2,MGAT5,UBA52,AC026979.2,GPR65,ADGRG5,IKZF2,HVCN1,POU2AF1,TMEM131L,ORC6,AC135457.1
69,CD247,LCNL1,ADTRP,HIST1H1C,ELOVL6,FGL2,WWC1,BANK1,LIPC,HES4,NUF2,HPCAL1
70,ACTR3,HLA.DOA,NPM1,CYCS,MKNK1,PLEK,FAM160B1,IL2RA,TRMT6,TP53INP1,RFC3,SLC2A3
71,ARPC5,PMEPA1,FCER1G,LINC01116,CERK,LPCAT1,BEND4,SLC37A2,FKBP4,CMTM8,KIFC1,SF3A1
72,DR1,PRAG1,C1orf162,ATF3,GYG1,SLCO4C1,ANKRD27,SPATS2L,TIAM1,MNS1,C2orf48,AC009264.1
73,SON,TSPAN14,RACK1,ANKRD18A,CYP4F22,IFNG,SORT1,LCOR,PGM2L1,SLC29A1,AC007240.1,CREM
74,H3F3A,PIK3CD,RPL11,AC087623.2,EFCAB14,PLCG2,TTYH3,MAGEH1,LRFN4,MAPKAPK3,SPC25,AC018362.1
75,NFRKB,AL158151.1,RSL1D1,ST6GALNAC1,LPCAT4,EFHD2,HDGFL3,INPP5F,B3GALNT1,ZNF385C,MCM2,SOX11
76,SLC6A20,ETHE1,RPS3A,DUSP1,TRIQK,MLC1,HPGDS,ITIH5,HSP90AA1,AC069503.1,HELLS,SLC4A1
77,TLDC1,FCGBP,RPL10A,C10orf91,CDC42EP3,CD300A,PXDN,MX1,ATP1A3,ARRDC4,KIF18B,LNX1
78,NEDD4,LBH,SLC40A1,PDE4B,PLCB1,ASCL2,COX10,OAS1,BEST3,HOXA9,MELK,DONSON
79,NUP50,SIAH3,RPS5,NDRG1,SETD7,MIAT,DCP2,P2RY1,AHI1,VAT1,TTK,ATP5F1B
80,SAMD1,GZMM,AC007342.5,RHOB,LINC02084,USP28,CHST2,HAAO,MAP2K3,SLC23A1,SKA1,PRPS1
81,MLLT6,CD8A,CARS,C6orf99,ABCA2,LINC02384,LINC01163,LAMB1,DGKH,RAG1,CIT,AL133415.1
82,RCN3,OCIAD2,CD55,ZFP36,AGO4,PTPN18,CCDC136,IFI16,NLK,XG,NUSAP1,SNRK.AS1
83,HP1BP3,MICAL2,NACA,EPHA4,ARL14EP,AOAH,PITPNC1,HTR4,BTBD11,C17orf67,KNL1,NDUFB8
84,EVL,RASGEF1B,CHRM3.AS2,HNRNPA1L2,MYBL1,SGCD,RAI1,PELI1,POMP,CDK6,SMC2,NDUFV2
85,SDCCAG8,CCND2,IPCEF1,VMP1,CLINT1,F2R,OGT,SMC4,PFDN6,ADGRE2,GINS2,AC015849.3
86,NTRK3,PRMT2,RPL13,LINC01004,RORA,C11orf21,PDLIM1,SWAP70,ACADVL,NID2,DMC1,AC018557.1
87,VAPA,DRAP1,RPL18,AC245014.3,FAM43A,C12orf75,KIF3A,CCL20,PPFIBP1,PRPS2,CENPF,Z82206.1
88,GATA3,COTL1,RPL27,NBPF15,KIT,GK5,SORD,CTSL,CALM2,HRK,ATAD5,CITED2
89,FUS,PYGB,RPL15,PMAIP1,PRDM1,EPB41L4A,DMD,CLNK,ELF1,GSTM5,BRIP1,SDHB
90,ZMIZ1,LIMS2,MTRNR2L12,UBC,LINC002481,ST8SIA6,DOK3,MIR155HG,NFKBID,PAFAH2,DHFR,SPCS1
91,CDH2,AC005332.5,TXK,AC073082.1,USP13,TYROBP,CERKL,PDE7B,SLC3A2,UCK2,E2F8,NBPF26
92,KIAA0895L,IL27RA,RPL7,GADD45B,GPRIN3,SERPINB6,INSIG1,FAM135A,SPAG9,FXYD2,TPX2,HNRNPF
93,RANBP10,KDM7A,ATP1A1,AGFG2,OGFRL1,S1PR5,SRGAP3,EPHX2,PARVG,PPP1R1C,WEE1,CHCHD2
94,AC080038.1,JAK3,ANAPC16,TSPAN18,PARP8,TSPAN2,PYM1,IRF8,GADD45A,SMIM3,GTSE1,LCK
95,EVI2A,PSD,RPS25,INPP4B,COL5A1,LAIR2,FES,RGS16,IGHD,BIVM,ASPM,NPIPA1
96,VHL,ZFP36L1,EIF3K,AFAP1,ARF1,TGFBR3,FAM30A,AC244021.1,TNFRSF9,AC010719.1,HMGN5,SYNC
97,USP15,UBTF,RPSA,IRF1,ZBTB16,RASSF1,SEMA4D,TSPAN5,PER2,TTC7A,DSN1,AC003681.1
98,CACNB3,NKD1,RPS23,PSTPIP1,ALOX5AP,MYO6,CYBRD1,OAS2,BICDL1,KREMEN1,E2F1,USP3.AS1
99,GPR174,DBH,RPS7,PIK3R1,ICA1L,TMEM181,GSN,SIAH2,SPSB1,ETV6,KIF2C,UBE2B
100,TGOLN2,SKIL,FAU,PLP2,IL18RAP,TTC16,AC093673.1,TNFRSF25,BCL2L11,HOXA10,CENPN,JOSD1
101,SPRY2,STAT1,EBLN3P,SENP3,SYTL2,CD244,HBEGF,MYO5C,NPTX2,DSCAML1,GINS4,LINC02227
102,MAST4,OPN3,TPP2,MID1IP1,EAF1,FCGR2A,RNF130,IFIT5,AQP3,FXYD6,TEDC2,SMIM27
103,ZNF774,CHFR,PPP1R2,AL162231.2,SPTY2D1,FRMPD3,NDN,DGKH,USP11,RCAN1,HMGB3,COL6A3
104,SSBP2,PAQR8,FCMR,OSM,SKAP2,GSAP,USP6NL,BCL3,SLC7A1,MPP1,TROAP,SNRK
105,LINC00632,ORMDL3,SMAP2,AL627171.1,TPBG,SLC15A4,SMPD3,ALDH4A1,JARID2,PPP2R3B,CDCA2,COMMD1
106,ACTB,CLIC3,RPS4X,AL021155.2,RARG,PLA2G16,MYH10,FAM110A,MAGEH1,MRPL57,MCM3,PMPCB
107,CSNK1A1,FOXO1,RPL38,NR4A2,ATF7IP2,RGS9,GAPT,SERPINB9,NAB2,ZNF423,TICRR,TMEM200B
108,ZNF467,A1BG,RPL19,ANKRD34A,TANC2,SYNE1,STARD4.AS1,PPP1R12B,SFXN1,TBCD,CENPM,MPV17
109,PHF20L1,BMP2K,RPS3,AC007384.1,IL12RB1,TMCC3,ARHGAP42,PTK2,CHSY1,TFDP2,ACOT7,SEMA3E
110,SV2A,JUP,FBL,TOB1,KLRG1,APMAP,ETV5,SEMA6A,ATP13A3,PIK3R6,MND1,AC046130.1
111,HDAC7,ZC3H3,FOXP1,DAPP1,CFAP97,AL035701.1,TMEM38A,ZC3H12D,HOXB8,AC016205.1,KIF4A,TSIX
112,SOX4,ZNF276,PCSK1N,FTH1,CTSH,SAMD3,PCAT18,XAF1,GRK3,AC009570.1,NEK2,MAP2K1
113,SERPINE2,TSC2,RPL22,RPS4Y1,AC010175.1,AGTPBP1,PARP1,NEBL,MAST4,ARL5C,HJURP,AC015674.1
114,CEP170,TMIGD2,RPS2,C16orf54,GZMA,EFNA5,BCL2L2,SS18,CCDC88A,C17orf113,CCDC34,PDE11A
115,CD109,MPZL2,LINC02446,CEACAM1,GFPT2,SLC9A3R1,LINC01222,AC133644.2,PSENEN,MSI2,AURKB,ATP6V1C2
116,STOX1,GAL3ST4,C2orf40,TENT5C,SNHG22,ZNF600,BCL6,CD79B,PARL,ETS2,PRR11,ANKS1B
117,TMEM154,ADAMTS17,C16orf74,ANTXR2,PRNP,DRAXIN,TRIM59,MYO7A,EWSR1,RNASEH2B,HIST1H2BH,AC114760.2
118,AC008105.1,CD3G,RPL5,CARD16,EHD1,LDLR,ZNF793,MAGED2,C2CD4B,ERVFRD.1,MCM5,PPP1CB
119,YLPM1,AGRN,HAPLN3,HIST1H2AE,MAN1A2,NUAK1,UACA,NCF1,PTPN6,ASPDH,RBBP8,TMEM59
120,MRPL52,LINC01550,RCAN3,CRBN,GCHFR,TRG.AS1,TRGC2,CALD1,PHF21B,PEX5,DEPDC1,AC013394.1
121,AMPH,ANO8,AC009041.2,PPP1CA,CCDC107,MCTP2,AL035681.1,PMEPA1,AC004585.1,CCDC138,CTNNAL1,KSR2
122,IKZF1,SLA2,RPS14,TUBA4A,TSPAN15,APOBEC3G,AL109914.1,IRF7,CLPTM1L,PITPNM2,CKS2,TRAPPC2B
123,GSPT2,PRKACB,RPL3,AC133644.2,MMP24OS,MIR4435.2HG,ATP6V0A2,STAM,NUP88,HHIP,DLGAP5,LINC02067
124,ATP6V0E2,KCNMB4,PABPC1,GSTK1,CD81,STYK1,ZDHHC24,NFAT5,NKD2,ABHD12B,FBXO43,AC025423.4
125,CD3D,EPOP,EPB41L4A.AS1,CYSLTR1,CTSW,RCAN2,RBM5.AS1,CCRL2,CD8A,EDA2R,CKAP2L,VDAC2
126,CAMK4,MPIG6B,MINDY1,AC079305.1,LINGO4,CD63,MIR181A1HG,CAMK1,ATP8B3,ABCC1,H2AFZ,WASHC2A
127,ZNF215,PPP1R3E,SPIN3,ANXA1,FEZ1,AL158071.3,AC004824.1,PTPRJ,COX20,HES1,TMEM97,SNHG12
128,BRK1,ADRB1,HSBP1L1,MINK1,GTF3C1,LINC02086,RHOBTB1,LRRC8B,GBE1,PLIN3,ANLN,AC093484.3
129,THEMIS,LSP1,RPS13,TNFSF13B,CAMK2N1,OSBPL5,MAGEF1,KLHL34,XCL1,PXMP2,CDCA8,MRFAP1
130,GNAS,TTC24,HPCAL4,BCL2A1,GBP5,DGKQ,NSF,IFIT1,TAF9,ANKRD1,KIF14,AL928654.2
131,ETS1,MXD4,KRT72,PPIB,B3GNT8,TBCB,ANKRD10,UBE2F,IDH2,KIAA1257,CENPH,AC008264.2
132,GPC3,DTX3,SYDE2,DNAJB1,RHOC,DTHD1,VPS26B,ADAR,FDX1,GRASP,MAD2L1,AC109587.1
133,TPM4,AOAH,KLF7,ISM1,AL355581.1,CEP126,ZFP69,IFI6,EMID1,MELTF.AS1,RFC4,IAH1
134,SPNS1,SPOCK2,RPL14,TNFSF10,CREB3L2,SLC2A1,ITGA4,MTR,CAMTA1,GALNT7,DEPDC1B,AL358333.3
135,CABIN1,ST3GAL5,IL4R,PLK2,HCST,LLGL2,ABHD17B,ATP2C1,GFOD1,BCL7A,CHAF1B,TAF15
136,DENR,RSAD2,CSGALNACT1,CAPNS1,MTRNR2L12,BFSP1,ALDH2,SAMD9,HIPK1,SPSB4,NCAPG2,PITHD1
137,DDX5,MTUS1,LINC00565,AP002884.1,BX890604.2,TRGC2,ZBTB1,SEC14L1,SERPINB9,PON1,LMNB1,AC090971.1
138,SGIP1,CCDC141,ST13,CRIP2,NFKBIA,RAP1GAP2,PHLPP1,IFI44L,ROMO1,LINC00506,TMSB15A,HIST2H2BE
139,MEX3B,ARMH1,RPL21,AC020916.1,SIPA1L2,OASL,STAU2,PEAK1,ATP5MC3,NLGN4X,CIP2A,SOCS3
140,PIK3CA,CERS6,UXS1,FAS,VSIR,TSHZ3,AC004889.1,TBC1D4,SOD1,PTPN2,BRI3BP,TOMM20
141,VAV1,PNPO,SRSF5,SRSF3,UFM1,TFCP2L1,SLC25A25,KIAA1614,ATP1B3,APLN,WDR76,UVRAG
142,IQGAP1,NUAK2,RPS28,ID1,HELZ,PARP15,GPR15,AJ009632.2,CCT2,PELI2,FBXO5,UBL5
143,TPCN1,PSD4,SLC22A17,AL592183.1,TLCD2,IL7,TM6SF1,HGF,PITPNM1,CMTM2,HMMR,RGCC
144,WNT5A,TBC1D10C,CA6,FHL1,RPS6KA3,ATP2B4,ZNF667.AS1,ATOX1,CEP112,SULT1C4,TUBA1B,NFE2L2
145,SEPT1,ZNF827,RPS12,ARL4A,PTGDR,NKG7,RTN4,EVI5,CDC123,CLIP3,TIMELESS,DDIT4.AS1
146,ARHGAP32,FMNL3,GRAMD1A,SPINT1,IFNGR1,SLAMF6,AFAP1L2,L1CAM,CD72,PCDH9,DNAJC9,MBD1
147,SLC35E1,CAPG,TSPAN32,EIF4A2,ABCB1,RASGEF1A,MIB1,ARHGAP19,AC116351.1,AC022167.3,BUB1,NBPF9
148,GNA14,KDM2A,RPS6,ACE,EDEM2,CHST12,SNAP47,ISG15,PDE4A,SOCS2,RMI1,HSPA4L
149,TECPR1,OXNAD1,RPS11,AL136115.2,PLXDC2,ENPP5,SLC12A6,PLEKHA5,DNAJC2,CBFA2T3,CKS1B,TF
150,UBE2H,IGF2BP3,RPL30,CRTAP,DAB1,SUSD1,PINLYP,OAS3,ITGA4,C12orf65,STIL,SULF2
151,RBM15B,ADA2,RPL28,CYTIP,VPS37B,ITGB2,AC098850.3,CD74,VASP,FA2H,UBE2C,NBPF12
152,PTK2,U2AF1L4,ITGA6,LGALS1,NEK7,ARHGEF12,SLC12A8,P2RX5,NDUFAF3,MCPH1,ARHGAP11A,TENT5A
153,LRP6,ZYX,DENND5A,CHN1,LYAR,TOGARAM2,RTL6,EIF2AK2,LRMP,FAIM,POLD3,ARPC1B
154,POGZ,KLHL3,PASK,IER5,TMEM258,ZBTB7A,QPRT,CHD3,IGHM,PSMA6,KIF23,DNAJB1
155,PSIP1,RHOU,RPL35A,SERTAD1,CYTH3,HOPX,LIMA1,LAMP3,NOP10,HDAC4,AP000251.1,AC037459.2
156,MYADM,CYB561D1,ZC3H6,GBP4,SLK,PPP2R2B,PPP2R5A,WASF1,LUZP1,LINC00891,USP1,DGLUCY
157,EPHA2,ARHGEF7,RPS21,PPP1CB,TGFA,VNN2,KRT1,MFSD2A,SPN,PTPRD,PARPBP,AL109628.2
158,HCAR1,AL355816.2,RPL27A,KLF5,FAM50A,MYO3B,SFT2D1,MCTP1,HSPH1,JADE3,ASRGL1,KLHDC2
159,AC119428.2,GPR18,COQ8A,ADGRE5,RNF166,FCRLB,LRRC2,LGALS9,LRRC8B,HOXA10.AS,SPAG5,TMEM126A
160,PURB,ANKRD44,RPL32,EVI2B,CPNE2,LGALS1,MAPK6,BHLHE40.AS1,RUVBL2,AC109826.1,POLA1,AC036103.1
161,COL6A1,RTN4R,AC087741.1,RGS2,LAG3,GPR137B,TRIM8,ZC3H8,PTPN22,ARMCX1,POC1A,AC106864.1
162,CSK,LCN12,PFDN5,SSR4,RBMS1,SLC27A3,LPP.AS2,RHBDD2,CAPZA1,DAB2IP,ESPL1,TBCC
163,ZNF445,UBAC2,RPLP1,ARL6IP5,SSR1,SH3BP2,GRAMD4,FGFRL1,CD59,FAM216A,RPA3,SDC3
164,ABI2,PRXL2B,KRT73,AL121944.1,NRIP1,LAT2,TNKS2,CD27,LINC01281,PIK3CD.AS2,WDHD1,C1orf43
165,SCAI,NOTUM,CYTH1,GNAO1,AL096865.1,SSH1,TMEM263,TNFRSF18,HNRNPM,MEF2C,KLHL23,AL161665.1
166,ACTG1,HERC1,TMEM106B,WNT7A,B4GALT5,SNX18,VWA5A,MRC1,PKM,ZNF667,NT5DC2,AL590133.2
167,PIP4P2,RETREG1,RPS27A,MAP3K1,SCN1B,CCL5,MGLL,C1QTNF6,G3BP1,CYYR1,CCNB2,AC109460.2
168,SLC7A7,GSDMB,C11orf1,LDHA,TMEM71,PTGDS,LRRC4,HILPDA,DENND5B,LRRC1,CRNDE,CHCHD3
169,CEP85L,IGFBP2,RPL9,TRIM2,ZNF652,CMC1,AL390728.6,ADCY3,AP1S2,GABPB1.AS1,KIF18A,MEIS1
170,MOB3A,SMARCA2,MYC,TMTC2,SPRY1,CST7,SLC4A7,SERPINE2,ITPR2,SAMD13,AUNIP,AC005104.1
171,SLC12A5,EML3,RPS27,LY6E,CCDC65,SFT2D2,DAAM1,SPIN1,PSMA4,CTHRC1,C21orf58,G3BP2
172,ATP2A3,BCL9L,INF2,IMPDH1,ABHD14A,DAB2,MARCH6,CUL9,SCCPDH,BCL2L1,RECQL4,AL358781.1
173,RERE,IFI44,RPL39,ATXN7,SPIDR,ZBTB44,TULP4,ELK3,CCDC189,NCF4,GGH,ENO2
174,KIAA0355,GAPVD1,PDK1,TSC22D4,SAMD12,YPEL1,S1PR3,LYST,GAPDH,BMPR1B,KIF20A,PFKFB3
175,RAPH1,MYO9B,RPLP0,LINC00324,OSTC,ZBTB38,TMEM26,FN1,RCC2,LRP12,RFC5,RNF7
176,PFN1,TNNT3,KRT73.AS1,AC103591.3,S100A6,MAPK1,LINC00891,ITFG1,ZNRF1,FRMD6,PHGDH,HEXIM1
177,PBX3,PRRC2B,GGNBP2,COPE,TTC39C.AS1,SAP30,SLC25A35,MYORG,IER3,CMBL,ALYREF,AP005329.1
178,PRXL2A,SLC27A1,LRRC7,H3F3B,ROR2,TRDC,CCDC81,RASGRP4,RHBDD2,PLEKHG4B,CCNF,ATF4
179,GRAP2,SPEG,MAML2,SRGAP2C,CASP1,RPS6KA1,AFF2,USP18,FAM120A,IFT81,CDC20,FAM162A
180,ZNF488,ELK4,PCED1B,TNIP1,MTRNR2L8,PPM1L,SDK2,ACSL1,GPI,RTKN,AURKA,SH2B3
181,EGR1,CHST15,PACS1,RAI14,B4GALT1,TSPAN32,IQSEC3,FST,CNTROB,AC027682.6,KIF24,OR1I1
182,DGKA,GPR171,BTF3,PPP1R15B,SIK3,CYB561D2,PACSIN2,SYP,UCHL1,AR,HIST1H4C,NR4A2
183,RBM6,DNM2,MFNG,MAF,ACTN4,ZNF365,TSPAN33,ERVH48.1,TRPC4AP,POLE,UHRF1,DIMT1
184,CNOT2,ADGRL1,RBM11,CDKN1B,MAN1A1,GNAL,STT3B,RYBP,AGPAT5,AEBP1,MCM6,FAM71D
185,MANSC1,ZBED3,RPL31,POLR2J,EOMES,MBP,PDCD1,TPRG1,FPGS,SERPINF1,ECT2,AC096637.2
186,BTLA,ENPP2,GCC2,NRIP3,APOBR,HHEX,REV3L,TMED8,UBXN4,SLC25A29,BLM,AC137590.1
187,DDAH2,BIRC2,OXNAD1,BX284668.6,MPPED2,RAB11FIP5,KIAA1147,SESN3,AC093525.7,AP005482.1,RFWD3,LEPROTL1
188,MFSD12,IDUA,AC136475.1,MAP4K1,YWHAQ,KLRC4,DEGS1,DACH1,CDK2AP2,ZNF280D,CDKN3,WTAP
189,UGCG,AC145124.1,JADE2,ZFAS1,TPD52,KIF21A,RPA1,MLEC,EIF4E,ZNF618,HMGB2,AC108863.1
190,PHF10,SREBF1,RPL23,SEPT4,TMEM65,DLG5,GOLGA7,PPTC7,TMCO1,PPP1R14B,SGO2,TUBA1A
191,LBR,CDIP1,NCK2,CSRP1,SEC24D,RAB37,MSI2,BMPR2,YIPF2,NAPA,LMNB2,UBAP1
192,CFL1,AIF1,CHCHD10,MAP3K3,SEC14L6,PAK6,HERC2,TSPAN14,CARM1,DNAJC12,CENPA,ACOT13
193,ARID2,ZNF595,LAMTOR4,PLK3,CPD,RHOQ,DCAF7,IFIT3,G6PC3,KCTD3,ERCC6L,IL10RB.DT
194,ZBTB2,SMARCD3,GPR155,AC103724.4,SYNE2,HLA.DQB1,BAIAP3,MKNK2,BNC2,UBE2J1,KCNJ4,EXOC2
195,RNF145,NA,RPS15A,ACVR1,DUSP16,BTN3A1,MFHAS1,IRF5,SFXN2,RNF150,ERI2,MLF1
196,TNFSF11,NA,ADPRM,TSPO,PTPN13,NCAM1,GPR55,FBXO38,NACC1,SLC35F3,RMI2,RMC1
197,PARD3,NA,CASP8AP2,CHMP4A,SRPRA,ANXA4,NOL11,SKIL,RBMX2,GPR173,TCF19,AC067930.2
198,STMN1,NA,RPL26,TCIRG1,P4HB,APOBEC3C,AC021054.1,PTCHD1,CDCA7,AC008124.1,GJC1,RPS4Y1
199,ELAVL4,NA,CBR3,HSPA8,IGFBP4,PDLIM1,TLE4,TLR5,SERP2,MEST,PTTG1,DYNLT1
200,NIPBL,NA,STX16,NFKBIZ,IL32,ZNF80,FBXL12,PRKAR1A,CD1D,TIMP2,MTHFD1,RGS16
201,PPP1R16B,NA,NAA16,AL365203.2,STOM,PLEKHA1,ZNF618,CPE,FABP5,SERTAD4.AS1,FANCD2,CDKN1B
202,C1QTNF1,NA,RPL24,HIST1H4F,PIK3AP1,CTSW,ESYT2,PCK2,EIF1B,KPTN,DUT,CCDC85C
203,ARHGAP21,NA,HADHA,TPK1,TBC1D31,CYTOR,CCDC69,IL21R,CSNK2B,DYRK3,SH3TC1,BBIP1
204,GATAD2B,NA,RPL10,B3GNT9,LCP1,IGF2R,ZNF683,RETREG1,FBXO15,TRO,CDCA3,ELMO1
205,FCGRT,NA,GYPC,NOD2,S100A4,PYHIN1,HELZ,TSPAN13,PHF19,MAL,SAPCD2,MLX
206,LEF1,NA,NDFIP1,SYF2,LINC00299,ITPRIPL2,ZNF217,VWDE,IREB2,AC136944.2,CDK2,HSPA1B
207,KMT5B,NA,RPL8,CCNL1,GALNT1,RAP1B,FTX,CCND1,SMIM24,NTPCR,TMEM237,MRPS21
208,NA,NA,TMEM123,RNF149,POC1B,ELF4,KDM2B,IKZF2,COL4A3BP,GNA15,PRC1,TINF2
209,NA,NA,TOMM7,LINC00982,RAB18,WIPI1,HMGXB3,PYGB,CHD4,TCF12,SLC1A5,ARHGAP15
210,NA,NA,MBNL1,OR11G2,TMED10,ADAM8,MYO7A,ADAT2,SNRPB2,ZEB1,KIF20B,KCNA3
211,NA,NA,FMN1,CCNH,FBXW5,TM6SF1,HIP1R,CD79A,GCNT4,LINC00426,CENPS,KEL
212,NA,NA,SELENOM,DUSP10,MGAT1,RAB29,FAXDC2,ZCCHC12,ELOVL5,MSRB3,PLK1,GDA
213,NA,NA,RPS29,SREBF2.AS1,KDSR,ARHGEF28,FAM217B,AP1S2,NUTF2,NT5C2,MIS18A,AC114271.1
214,NA,NA,RPS18,IL32,TIPARP,KLRC4.KLRK1,TSPOAP1,FDX1,MEST,SPI1,DTYMK,SYT14
215,NA,NA,SMDT1,SSBP4,GDI1,APOBEC3H,DYSF,TRIM22,NDFIP2,PLPP1,DLEU2,ARHGAP9
216,NA,NA,FGD3,TMEM191B,PIP4K2A,PXN,C17orf97,AHR,TMEM263,IGF1R,KNTC1,ATP5F1A
217,NA,NA,MCUB,UQCRHL,SMKR1,SLC14A1,KCTD1,DACT3,HNRNPA0,TCEAL4,MCM8,HMGN4
218,NA,NA,ATP8B2,TGFB1,DAB2IP,BTN3A2,PRPF38A,NDFIP2,EGR1,ALDH2,DNMT1,PILRB
219,NA,NA,TBC1D4,SBDS,GPR150,TTC22,EHMT1,ITGAE,RGS3,MAFK,UBE2S,TAF1D
220,NA,NA,EPPK1,SH3BGRL3,CNN2,ZBTB20.AS1,ABCA1,CHST2,PPIA,FBRSL1,CCNB1,WASHC2C
221,NA,NA,NT5E,PLCD1,NA,ENC1,TFCP2,IFIT2,KHDRBS3,MED13L,NDC80,MPC2
222,NA,NA,RPL37,LSP1,NA,AC243829.4,MICAL1,CCR4,ATP5PF,ZEB1.AS1,CDCA4,HNRNPLL
223,NA,NA,CCNG1,MGST3,NA,GAB3,AC004687.1,ERICD,RMND5A,IL18,IMPA2,RGPD4.AS1
224,NA,NA,ACVR1C,RNF19B,NA,BIN2,P2RX5.TAX1BP3,CPXM1,RANBP1,AL035587.1,MAP3K20,NFKB1
225,NA,NA,ADD3,GLB1,NA,ABHD2,LINC01003,ATXN1,AAMP,MME,TONSL,SASH1
226,NA,NA,AMIGO1,AREG,NA,CLDND2,TRIO,PLSCR1,SLC25A27,ZNF711,SIVA1,AC112491.1
227,NA,NA,RPL23A,NDUFS5,NA,CALHM2,NHLRC2,TAP2,CYSTM1,HLA.DRA,RANBP1,GPR85
228,NA,NA,PRDX6,CSF1,NA,ABI3,CEP68,NT5C3A,CASZ1,ACSF3,TOPBP1,GPM6B
229,NA,NA,RPL34,LINC01943,NA,MYO1G,FAM92A,SAMD9L,CCDC71L,NCBP2,ITGB3BP,NEUROD1
230,NA,NA,EIF1AX,R3HDM4,NA,FOXD1,MSRB2,NINJ1,PRRC2A,FAM45A,SKP2,PHKG1
231,NA,NA,NPAS2,CD200R1,NA,RAP2B,CXCR3,CHST15,PSMB1,DOCK5,ZNF367,AC058791.1
232,NA,NA,LINS1,PARVB,NA,HSPA6,ADSL,PLPP5,EIF6,TST,ZWILCH,SPATA1
233,NA,NA,RPS20,MYADM,NA,GLTP,IRAK4,NRSN2,TPI1,WASF1,MCM7,B3GNT7
234,NA,NA,RPL13A,SF3B5,NA,RALGDS,PIKFYVE,APLP2,HYKK,AC123023.1,TFDP1,AC008686.1
235,NA,NA,DPEP2,CDKN1A,NA,IFNLR1,NPTX2,RNF19A,EGR3,RIMS3,EZH2,TTI2
236,NA,NA,TSHZ2,SNAI1,NA,GEMIN7,AL844908.1,TNK2,ZNF593,FAM3B,SLCO4A1,S100B
237,NA,NA,ZNF101,IL2RA,NA,MMP23B,AP003774.4,LAP3,GTF3A,CD99,TERT,RPS10
238,NA,NA,ATP10A,KLF8,NA,GFI1,INPP5B,SESN1,FHL2,LAMP2,CDC7,TRMO
239,NA,NA,RPL18A,OPTN,NA,LANCL3,SYNC,AC012368.1,EIF5B,MYB,TMPO.AS1,A2M
240,NA,NA,INPP4B,JMJD6,NA,ITGB7,NOL4L,CU638689.5,PTBP1,C4BPB,DNA2,NEDD8
241,NA,NA,MAN1B1.DT,S100A4,NA,PDE4A,ACAA1,ABAT,TMEM70,WDFY3,ALDH7A1,CCDC73
242,NA,NA,CDH23,ANKRD18B,NA,PIK3AP1,FSTL1,GPC3,RAPH1,ZBED3,POLA2,NBDY
243,NA,NA,NSMCE1,CD52,NA,IGFBP7,PGPEP1,ZCCHC2,CCDC171,UBE2E2,MAD2L2,FAM184B
244,NA,NA,CEP68,CTSB,NA,GNG2,METTL3,PRRT3,BCOR,ITSN1,SKA2,HIST1H2AE
245,NA,NA,AL441992.1,HEXA.AS1,NA,STARD3NL,SFXN5,APP,GOLIM4,SCN7A,VRK1,CMC2
246,NA,NA,ATM,CNTNAP1,NA,METTL7A,ITGAD,NFKB1,BANF1,MOB1B,C4orf46,AL035530.2
247,NA,NA,MAP4K2,MAP1LC3B2,NA,CACNA2D2,VAV3,FANK1,PGM2,PCYT1B,GEN1,TMEM120B
248,NA,NA,RPL12,LINC02273,NA,SLAMF7,HACD1,IFIH1,ENO1,CIAO3,CENPE,SIK1B
249,NA,NA,SNRPD2,CREM,NA,TBKBP1,ARID5B,FOXO1,HIVEP2,SNHG7,PPIF,NSUN2
250,NA,NA,SREBF1,PDCD10,NA,PRKCB,ERGIC1,TIFA,COL6A3,HHIP.AS1,HPDL,LINC01709
251,NA,NA,RPS8,DNAJA1,NA,EOMES,PPP4R1,PAK2,ILF2,YWHAE,PAICS,CNBP
252,NA,NA,C14orf132,JUNB,NA,MED15,KLF12,KLF10,SKP1,DGKE,HEMGN,SULT1A3
253,NA,NA,GIMAP1,ARID5B,NA,AKAP13,CLEC4A,TRAF4,CPSF1,CCDC88A,SSRP1,CPEB1
254,NA,NA,EEF1A1,CPNE5,NA,MEGF9,SNAPIN,ABCA13,ORAI2,FOXO6,FABP5,IL5RA
255,NA,NA,RPL41,TMBIM1,NA,GNPTAB,CHD4,TMPRSS6,IL21R,HGF,TUBG1,AC114947.2
256,NA,NA,SARAF,AHR,NA,ARHGAP25,SLC25A36,DRP2,MAP3K20,ZSCAN16.AS1,C1orf112,RTRAF
257,NA,NA,SAMHD1,CCZ1B,NA,NFATC2,CD83,ZNF821,GTPBP4,GLUL,SHMT1,AP001350.1
258,NA,NA,MICU3,HIST1H3A,NA,VCL,OCEL1,SP110,PSME3,IGF2R,WDR62,KHNYN
259,NA,NA,RPL36,SMAD5.AS1,NA,TUBB4A,IP6K2,PIGC,PPFIA1,CTNND1,TMPO,STOX2
260,NA,NA,WNT7A,AC004069.1,NA,TRGC1,FAM118A,RELN,STRBP,RUBCNL,MMS22L,NBPF20
261,NA,NA,CCND3,C1orf162,NA,ERBB2,SRPK2,RAB31,SSSCA1,PHF7,FANCG,AC009133.1
262,NA,NA,EIF4B,C3orf14,NA,MSC.AS1,ZNF512,IFI44,DNAJA1,CDK5RAP3,EPB41L2,XRRA1
263,NA,NA,PLEKHB1,AP3M2,NA,ABHD17A,LGALS9,AGTRAP,VEZF1,FRMD4B,ATP2A1.AS1,GTF2E2
264,NA,NA,IRF2BP2,CXCR4,NA,USP24,RXRA,NKD1,SREBF2,PCBP3,RPL39L,MBNL1.AS1
265,NA,NA,TNFRSF10D,SGPP2,NA,APLP2,ACOT2,STAT1,TFRC,SLC35A3,COX8A,AC004832.6
266,NA,NA,DAP3,ELMO1,NA,SPN,SMCO4,TNFAIP8L1,BIK,MIR646HG,C19orf48,C12orf54
267,NA,NA,TPT1,TMEM167B,NA,MATK,METTL7A,PHEX,RRP15,TM7SF3,CDKN2C,GABRA2
268,NA,NA,PFN2,CD82,NA,PPP2R5C,AFF3,CRLF2,PUF60,MYO1A,HIST1H1B,TCF20
269,NA,NA,WWP1,TPPP,NA,SYNGR1,PTEN,NFYB,COX6C,CCDC78,DHCR24,SETSIP
270,NA,NA,UXT,GPR108,NA,VAV3,C11orf95,SDK1,HSPBP1,SOCS7,SNRPD1,ADARB1
271,NA,NA,FLT3LG,CCR4,NA,ACTA2,CRTAM,MAOB,PITPNM2,CAT,FOXRED2,CDR2
272,NA,NA,RPL6,CHCHD3,NA,CHRNE,PPARG,BICDL1,MRTO4,NDUFAF6,DDIAS,WDR33
273,NA,NA,FXYD5,CYB561,NA,UTRN,RIC1,DHRS3,AL590822.2,RBFOX2,UBR7,PCED1B
274,NA,NA,UQCRB,NCOA7,NA,STK10,CDCA7,MARCH3,IFNAR2,LDLRAD4,CENPQ,FAM133A
275,NA,NA,RPL35,OAZ1,NA,STK38,B4GALT6,TNFSF10,IKZF2,DNAH14,PAQR4,LINC02273
276,NA,NA,RAI2,GNAI2,NA,SBK1,AL137191.1,CDK14,PEAK1,SMO,SLC25A10,AC008894.2
277,NA,NA,EIF3F,NUCB1,NA,AL355581.1,ST8SIA4,STAP1,ARFGAP3,FZD6,SNRPG,SH3BGRL2
278,NA,NA,STYX,BCL3,NA,MRPL10,XPC,AFF3,SLIT1,MED12L,HNRNPAB,AC240274.1
279,NA,NA,GSTM4,MTM1,NA,LINC01504,TNRC6C,FGL2,EDEM1,AC138356.1,NCAPD3,AKAP17A
280,NA,NA,ITK,BLVRA,NA,ARPC2,STAM,MLLT3,DHX9,DNAJC3.DT,AC011447.3,AL031714.1
281,NA,NA,LZTS3,KLF3,NA,HEATR9,PALD1,DDX60,DKC1,MEX3A,CENPO,AL157938.3
282,NA,NA,RPL37A,RPL36A,NA,MYO1F,PADI4,KCNK5,PTPN11,FAM241A,H2AFX,NA
283,NA,NA,SERINC5,HIST1H1E,NA,PHLDB2,PLCH2,AGO2,ERICD,INTS13,NSD2,NA
284,NA,NA,PHF1,SERTAD3,NA,CLIC1,AC008035.1,CREB3L2,VAMP1,NYNRIN,NUDT1,NA
285,NA,NA,ASB13,ATP5PD,NA,PLEKHG3,SNAP23,BATF,RAB8B,ANTXR1,SNRPB,NA
286,NA,NA,RIC3,CFAP36,NA,MTPN,ZSCAN29,OXER1,PRKCH,DSG2,SLC1A4,NA
287,NA,NA,CPAMD8,PHTF2,NA,HPS3,SELENOP,DLD,STIP1,PIGM,ZGRF1,NA
288,NA,NA,NSA2,NFKBIA,NA,TGFBR1,CASD1,PSD,AKR1A1,CACNB3,EME1,NA
289,NA,NA,SVIP,SIRT2,NA,FLNA,SLC29A4,CTTNBP2NL,LINC00632,MTHFD2L,AFMID,NA
290,NA,NA,EEA1,TSC22D3,NA,NFIL3,RPIA,CD4,ITM2C,UBR5.AS1,ATP23,NA
291,NA,NA,SRSF8,AIP,NA,TSEN54,LINC02312,BAZ2B,AC093525.6,AF064858.1,SMPD3,NA
292,NA,NA,RPL36AL,TMC6,NA,RUNX3,NPEPPS,SREBF2,EIF3I,MRVI1,SLC16A1,NA
293,NA,NA,ZNF609,TYMP,NA,ADCY7,HECTD4,BCL11A,AL162231.1,TLX2,SUPT16H,NA
294,NA,NA,LDOC1,SMN1,NA,CARMIL3,SLFN5,SFMBT2,CD27,UHRF1,GINS3,NA
295,NA,NA,C12orf57,CGAS,NA,GZMA,MERTK,SGPP1,SQLE,RND2,PRKDC,NA
296,NA,NA,ZC3HAV1,ATP2B1,NA,MAST3,CASP2,WDFY1,MEF2D,ABCA1,LIG1,NA
297,NA,NA,RASSF3,AC025171.3,NA,LBX2.AS1,NDFIP2,NMI,GLA,ITPR2,NME1,NA
298,NA,NA,RNF216,AC068313.1,NA,SYTL3,TMEM43,SYNGR2,MIB1,IGF2BP2,JPT2,NA
299,NA,NA,RPS9,GAPDH,NA,TLN1,RIT1,CMTM7,CCT5,AP005482.2,CNTLN,NA
300,NA,NA,OR4D1,SUB1,NA,RABGAP1L,AC069200.1,IGFLR1,STK38L,AP003086.1,NRGN,NA
301,NA,NA,YBX1,BSG,NA,SLFN13,IFT80,YAF2,SNF8,ARHGAP39,LRRCC1,NA
302,NA,NA,ISG20,ARHGDIA,NA,UHMK1,SLC2A6,MAP1LC3A,HSP90AB1,KLLN,SPDL1,NA
303,NA,NA,CD48,PER1,NA,HOTAIRM1,PABPN1,SP100,RAD23B,FAM229B,SAC3D1,NA
304,NA,NA,CCDC66,AL512791.2,NA,RHOB,EDEM1,TNFRSF14,MYO9A,KDELR3,MSH6,NA
305,NA,NA,BCAS4,ACSL6,NA,SLC4A7,RAPGEF4,ZC2HC1A,ARL3,SSBP2,CEP152,NA
306,NA,NA,NAIP,SNHG22,NA,PTCH1,ZNF853,IL1RN,DDB1,TMCC1.AS1,CENPJ,NA
307,NA,NA,ERP29,C17orf49,NA,PTPRE,TOX,RELB,GSE1,EFNB2,CCNE1,NA
308,NA,NA,SORL1,AC073610.3,NA,CD320,PHF23,VASH1,BOP1,TXN,GPANK1,NA
309,NA,NA,RPL29,HIST4H4,NA,ZNF683,LASP1,IFNAR2,TRAF4,TCF7L2,NRM,NA
310,NA,NA,AES,PRKCSH,NA,HENMT1,CARNS1,PIM2,SRP54,ERV3.1,PRDX3,NA
311,NA,NA,TXLNG,EDARADD,NA,CEBPA,AL358781.1,CMPK2,ANP32E,EGLN3,CTPS1,NA
312,NA,NA,ARHGAP5,EIF5A,NA,RHOC,SPINT2,MREG,EEF1AKMT4,NR3C1,CDC25C,NA
313,NA,NA,MTRNR2L8,KLF2,NA,CPNE8,DCUN1D1,RGS1,SIAH2,AL135925.1,HAUS1,NA
314,NA,NA,FAM153C,GALT,NA,TPP1,KCNMB3,GSTA4,CYP2U1,INSR,MYO1B,NA
315,NA,NA,SNHG25,AC004832.6,NA,PSMB9,EFCAB5,CD164,PSMA7,PSAP,SNRPF,NA
316,NA,NA,EPB41,SLC40A1,NA,PTMS,MED20,TRAFD1,RUNX1,DAPK1,C9orf40,NA
317,NA,NA,HABP4,CASP4,NA,FASLG,UBE2E1,TYMP,BZW2,MTIF3,RCC1,NA
318,NA,NA,SKI,H3F3C,NA,SESN2,NLK,GRK3,RELB,USP43,DPYSL2,NA
319,NA,NA,PCGF5,CYTOR,NA,ZNF319,SPTLC2,C4orf48,MTA3,AC027682.4,UNG,NA
320,NA,NA,GPR160,PROCA1,NA,DHRS7,NAA40,IFI35,RIOK1,ANKRD36C,FADS1,NA
321,NA,NA,PIK3IP1.AS1,CREBL2,NA,CASP8,DTWD2,DNAAF4,OPA1,ZNF112,HADH,NA
322,NA,NA,TMEM30B,AIDA,NA,NFATC3,OLMALINC,SLC50A1,ELOB,SLC25A36,POLE3,NA
323,NA,NA,CREG1,GPR146,NA,PAXX,TRIP12,CHRNA6,RTKN2,PTGES3L,RFC2,NA
324,NA,NA,MAL,ARX,NA,AL158071.2,NUPL2,PLEKHM3,APH1B,ZNF768,RAD51C,NA
325,NA,NA,RPS19,NA,NA,SOX13,TRIB2,PIM3,LIMS1,MGST2,TCEAL9,NA
326,NA,NA,LRCH4,NA,NA,PTPN4,NCKAP1L,SLC5A3,DLG1,GPSM1,CDK4,NA
327,NA,NA,PRMT2,NA,NA,LINC02084,HSPA1A,FAM234A,ANKIB1,PAWR,RACGAP1,NA
328,NA,NA,TMEM204,NA,NA,C16orf45,SRSF9,WSB1,STARD4,USP40,MTFR2,NA
329,NA,NA,EIF2A,NA,NA,SMAD7,TAPT1,MBTPS2,MAP2,CCDC14,ATAD3A,NA
330,NA,NA,SFMBT1,NA,NA,NA,ISCA2,CARM1,THOC1,DYNC2LI1,CSE1L,NA
331,NA,NA,NSD3,NA,NA,NA,DCAF12,F5,KIAA1324,MIR181A2HG,UQCRQ,NA
332,NA,NA,SORBS3,NA,NA,NA,CTPS2,KCNQ5,CYB5A,AC083798.2,NCAPD2,NA
333,NA,NA,RASA4,NA,NA,NA,NR2C1,KAT6B,DPF2,ZNF785,SNRPC,NA
334,NA,NA,TRAP1,NA,NA,NA,DELE1,TNFRSF11A,SLTM,UTP3,SNHG19,NA
335,NA,NA,TECR,NA,NA,NA,WDR11,ATN1,NOLC1,NUDT11,LSM4,NA
336,NA,NA,LINC01215,NA,NA,NA,NA,ARL6IP5,SNRPG,ZNF471,POLR3K,NA
337,NA,NA,NR3C2,NA,NA,NA,NA,ABCB10,ELAVL1,ITGA7,DLEU7,NA
338,NA,NA,ACSM3,NA,NA,NA,NA,PSMB8,YBX1,MPHOSPH9,DEK,NA
339,NA,NA,MPHOSPH8,NA,NA,NA,NA,TIGD2,PEBP1,LRRC61,PRIM1,NA
340,NA,NA,NBL1,NA,NA,NA,NA,HACD1,CCSAP,ESD,ANP32E,NA
341,NA,NA,EIF2D,NA,NA,NA,NA,SNRNP35,MIR181A1HG,TCFL5,HILPDA,NA
342,NA,NA,KANK1,NA,NA,NA,NA,GRSF1,CXCL8,GNB4,TTF1,NA
343,NA,NA,CENPK,NA,NA,NA,NA,ECE1,MTCL1,TP53I3,SLIRP,NA
344,NA,NA,CA5B,NA,NA,NA,NA,HELZ2,GBA2,BSPRY,TMEM106C,NA
345,NA,NA,CSDE1,NA,NA,NA,NA,POU2F2,SEPHS2,TASP1,LRRC59,NA
346,NA,NA,HSPA8,NA,NA,NA,NA,GLCCI1,RB1,ENOSF1,MIS18BP1,NA
347,NA,NA,FXN,NA,NA,NA,NA,CSMD1,TTL,EMILIN2,XRCC3,NA
348,NA,NA,C19orf53,NA,NA,NA,NA,GSDME,MTCH2,ENDOV,GGCT,NA
349,NA,NA,ATP6V1G1,NA,NA,NA,NA,HAPLN3,ETF1,BAZ2B,MRPL27,NA
350,NA,NA,COX7C,NA,NA,NA,NA,CHRM3.AS2,SHMT2,VCAN,AC130324.3,NA
351,NA,NA,SHISAL2A,NA,NA,NA,NA,TMEM120A,TMEM216,CIITA,FADS2,NA
352,NA,NA,KLHL36,NA,NA,NA,NA,GNA14,HNRNPAB,DAB2,LRRC20,NA
353,NA,NA,TRIB2,NA,NA,NA,NA,SLC35B2,PSMD8,CSMD1,SLBP,NA
354,NA,NA,EIF3G,NA,NA,NA,NA,SLC31A1,HHIP.AS1,LINC01089,LSM3,NA
355,NA,NA,NA,NA,NA,NA,NA,MAN1C1,SRSF10,RHPN1,RAN,NA
356,NA,NA,NA,NA,NA,NA,NA,LY6E,CPM,LINC01215,PDSS1,NA
357,NA,NA,NA,NA,NA,NA,NA,DGUOK.AS1,TOX,MELTF,NASP,NA
358,NA,NA,NA,NA,NA,NA,NA,STAM2,LTV1,CHD1,SLC43A3,NA
359,NA,NA,NA,NA,NA,NA,NA,ZBTB7B,NUDC,AC004846.1,CCDC150,NA
360,NA,NA,NA,NA,NA,NA,NA,RANGAP1,MRPL47,HOXA5,GNA15,NA
361,NA,NA,NA,NA,NA,NA,NA,IGFBP2,PHF6,RAB13,DDX11,NA
362,NA,NA,NA,NA,NA,NA,NA,HES1,TMEM234,PBLD,MASTL,NA
363,NA,NA,NA,NA,NA,NA,NA,MTHFD1L,VAT1,RBM33,MELTF,NA
364,NA,NA,NA,NA,NA,NA,NA,IL6ST,EXOC4,SNHG19,TACC3,NA
365,NA,NA,NA,NA,NA,NA,NA,RASAL1,CHKA,HEMK1,H2AFV,NA
366,NA,NA,NA,NA,NA,NA,NA,AC124944.1,DDX39A,SHQ1,ERH,NA
367,NA,NA,NA,NA,NA,NA,NA,NFKBIE,ATP2A2,PTK7,PSMB2,NA
368,NA,NA,NA,NA,NA,NA,NA,PLAGL2,SCML2,AP001318.2,CKAP5,NA
369,NA,NA,NA,NA,NA,NA,NA,TP53INP1,AC129492.1,ZNF436.AS1,KANK2,NA
370,NA,NA,NA,NA,NA,NA,NA,FAM174B,ACSL4,TRIP6,ENY2,NA
371,NA,NA,NA,NA,NA,NA,NA,KLHL15,ARMCX6,GRSF1,HAT1,NA
372,NA,NA,NA,NA,NA,NA,NA,IL1RL1,PGK1,NA,CCDC167,NA
373,NA,NA,NA,NA,NA,NA,NA,YPEL2,AFTPH,NA,CORO1C,NA
374,NA,NA,NA,NA,NA,NA,NA,AC100810.1,DBI,NA,CIB2,NA
375,NA,NA,NA,NA,NA,NA,NA,ENO1,IRAK1,NA,TEX30,NA
376,NA,NA,NA,NA,NA,NA,NA,SELENON,INAFM2,NA,IQGAP3,NA
377,NA,NA,NA,NA,NA,NA,NA,TNFRSF10A,COPB2,NA,CARHSP1,NA
378,NA,NA,NA,NA,NA,NA,NA,TRAF2,SPCS2,NA,FANCL,NA
379,NA,NA,NA,NA,NA,NA,NA,TXNDC11,ORMDL2,NA,TUBA1C,NA
380,NA,NA,NA,NA,NA,NA,NA,ATP11A,WDR36,NA,NOP56,NA
381,NA,NA,NA,NA,NA,NA,NA,TNIP1,NA,NA,KHDC1,NA
382,NA,NA,NA,NA,NA,NA,NA,ARID4B,NA,NA,PRPF19,NA
383,NA,NA,NA,NA,NA,NA,NA,CCNG2,NA,NA,SUV39H1,NA
384,NA,NA,NA,NA,NA,NA,NA,CLIC4,NA,NA,CBX2,NA
385,NA,NA,NA,NA,NA,NA,NA,GOLIM4,NA,NA,NET1,NA
386,NA,NA,NA,NA,NA,NA,NA,EML3,NA,NA,STRIP2,NA
387,NA,NA,NA,NA,NA,NA,NA,SRGAP3,NA,NA,AL035461.2,NA
388,NA,NA,NA,NA,NA,NA,NA,RDX,NA,NA,DCTPP1,NA
389,NA,NA,NA,NA,NA,NA,NA,SHMT2,NA,NA,MLH1,NA
390,NA,NA,NA,NA,NA,NA,NA,TNK2.AS1,NA,NA,THOC3,NA
391,NA,NA,NA,NA,NA,NA,NA,VEGFA,NA,NA,MXD3,NA
392,NA,NA,NA,NA,NA,NA,NA,KCTD21,NA,NA,NUDT15,NA
393,NA,NA,NA,NA,NA,NA,NA,TET3,NA,NA,YEATS4,NA
394,NA,NA,NA,NA,NA,NA,NA,TESPA1,NA,NA,MRPL37,NA
395,NA,NA,NA,NA,NA,NA,NA,PAOX,NA,NA,ACTL6A,NA
396,NA,NA,NA,NA,NA,NA,NA,ENOX2,NA,NA,RPL26L1,NA
397,NA,NA,NA,NA,NA,NA,NA,RRBP1,NA,NA,LRR1,NA
398,NA,NA,NA,NA,NA,NA,NA,PLEKHF2,NA,NA,C17orf53,NA
399,NA,NA,NA,NA,NA,NA,NA,JAK3,NA,NA,NUP62,NA
400,NA,NA,NA,NA,NA,NA,NA,SH3RF3,NA,NA,FANCA,NA
401,NA,NA,NA,NA,NA,NA,NA,SERTAD2,NA,NA,NUDT21,NA
402,NA,NA,NA,NA,NA,NA,NA,CAMK2D,NA,NA,LIN9,NA
403,NA,NA,NA,NA,NA,NA,NA,STAT3,NA,NA,TTF2,NA
404,NA,NA,NA,NA,NA,NA,NA,ZNF791,NA,NA,CENPP,NA
405,NA,NA,NA,NA,NA,NA,NA,C21orf91,NA,NA,PAXIP1,NA
406,NA,NA,NA,NA,NA,NA,NA,P2RX5.TAX1BP3,NA,NA,SPA17,NA
407,NA,NA,NA,NA,NA,NA,NA,PARK7,NA,NA,LSM5,NA
408,NA,NA,NA,NA,NA,NA,NA,SMIM4,NA,NA,TXN,NA
409,NA,NA,NA,NA,NA,NA,NA,UBIAD1,NA,NA,HPRT1,NA
410,NA,NA,NA,NA,NA,NA,NA,STAT2,NA,NA,DAZAP1,NA
411,NA,NA,NA,NA,NA,NA,NA,CENPE,NA,NA,EXOSC9,NA
412,NA,NA,NA,NA,NA,NA,NA,PARP14,NA,NA,U62317.2,NA
413,NA,NA,NA,NA,NA,NA,NA,KLHL6,NA,NA,COPRS,NA
414,NA,NA,NA,NA,NA,NA,NA,CLDN16,NA,NA,NANP,NA
415,NA,NA,NA,NA,NA,NA,NA,ZMIZ2,NA,NA,CHTF18,NA
416,NA,NA,NA,NA,NA,NA,NA,ADRB1,NA,NA,SASS6,NA
417,NA,NA,NA,NA,NA,NA,NA,CD82,NA,NA,HIST1H3B,NA
418,NA,NA,NA,NA,NA,NA,NA,CDKAL1,NA,NA,ARNTL2,NA
419,NA,NA,NA,NA,NA,NA,NA,DCAF11,NA,NA,ZNF726,NA
420,NA,NA,NA,NA,NA,NA,NA,PARP9,NA,NA,VDAC1,NA
421,NA,NA,NA,NA,NA,NA,NA,ETF1,NA,NA,RAD18,NA
422,NA,NA,NA,NA,NA,NA,NA,TBL1X,NA,NA,HASPIN,NA
423,NA,NA,NA,NA,NA,NA,NA,ZNF844,NA,NA,EIF4A3,NA
424,NA,NA,NA,NA,NA,NA,NA,CDC40,NA,NA,FIGNL1,NA
425,NA,NA,NA,NA,NA,NA,NA,PHF11,NA,NA,BAZ1B,NA
426,NA,NA,NA,NA,NA,NA,NA,CNN3,NA,NA,NUP58,NA
427,NA,NA,NA,NA,NA,NA,NA,ARID5A,NA,NA,CCDC86,NA
428,NA,NA,NA,NA,NA,NA,NA,GPCPD1,NA,NA,PKP4,NA
429,NA,NA,NA,NA,NA,NA,NA,ZFP36L1,NA,NA,KIF22,NA
430,NA,NA,NA,NA,NA,NA,NA,METTL7A,NA,NA,GLO1,NA
431,NA,NA,NA,NA,NA,NA,NA,AC097534.2,NA,NA,GPSM2,NA
432,NA,NA,NA,NA,NA,NA,NA,PSEN1,NA,NA,MRTO4,NA
433,NA,NA,NA,NA,NA,NA,NA,RFX7,NA,NA,HSPB11,NA
434,NA,NA,NA,NA,NA,NA,NA,FBXO34,NA,NA,RBX1,NA
435,NA,NA,NA,NA,NA,NA,NA,SRGAP2B,NA,NA,SMC3,NA
436,NA,NA,NA,NA,NA,NA,NA,STX11,NA,NA,CCP110,NA
437,NA,NA,NA,NA,NA,NA,NA,SOCS6,NA,NA,CNOT9,NA
438,NA,NA,NA,NA,NA,NA,NA,TCERG1L,NA,NA,BYSL,NA
439,NA,NA,NA,NA,NA,NA,NA,TLK1,NA,NA,EBNA1BP2,NA
440,NA,NA,NA,NA,NA,NA,NA,LINC01678,NA,NA,LDHA,NA
441,NA,NA,NA,NA,NA,NA,NA,CMTM6,NA,NA,PRIM2,NA
442,NA,NA,NA,NA,NA,NA,NA,TRIM56,NA,NA,HIST1H3F,NA
443,NA,NA,NA,NA,NA,NA,NA,DNMT3A,NA,NA,RCCD1,NA
444,NA,NA,NA,NA,NA,NA,NA,MX2,NA,NA,AMOTL1,NA
445,NA,NA,NA,NA,NA,NA,NA,LINC00847,NA,NA,ARHGEF39,NA
446,NA,NA,NA,NA,NA,NA,NA,XXYLT1,NA,NA,PM20D2,NA
447,NA,NA,NA,NA,NA,NA,NA,RAB8B,NA,NA,POLD1,NA
448,NA,NA,NA,NA,NA,NA,NA,STK4,NA,NA,CENPI,NA
449,NA,NA,NA,NA,NA,NA,NA,SAYSD1,NA,NA,GOT2,NA
450,NA,NA,NA,NA,NA,NA,NA,IL2RB,NA,NA,SMCO4,NA
451,NA,NA,NA,NA,NA,NA,NA,RNF217,NA,NA,CDCA7,NA
452,NA,NA,NA,NA,NA,NA,NA,TNFSF11,NA,NA,IMMP1L,NA
453,NA,NA,NA,NA,NA,NA,NA,ATP11C,NA,NA,PFAS,NA
454,NA,NA,NA,NA,NA,NA,NA,TRANK1,NA,NA,PRELID3A,NA
455,NA,NA,NA,NA,NA,NA,NA,RANBP1,NA,NA,SMC1A,NA
456,NA,NA,NA,NA,NA,NA,NA,TAB3,NA,NA,ELOC,NA
457,NA,NA,NA,NA,NA,NA,NA,EMC9,NA,NA,FH,NA
458,NA,NA,NA,NA,NA,NA,NA,TMEM121B,NA,NA,CENPK,NA
459,NA,NA,NA,NA,NA,NA,NA,MAPK11,NA,NA,HDGF,NA
460,NA,NA,NA,NA,NA,NA,NA,LFNG,NA,NA,SNRPD3,NA
461,NA,NA,NA,NA,NA,NA,NA,MAP7,NA,NA,FANCB,NA
462,NA,NA,NA,NA,NA,NA,NA,COL27A1,NA,NA,COX17,NA
463,NA,NA,NA,NA,NA,NA,NA,RPS6KA2,NA,NA,NKD2,NA
464,NA,NA,NA,NA,NA,NA,NA,LRRC2,NA,NA,PSMC3IP,NA
465,NA,NA,NA,NA,NA,NA,NA,ZNFX1,NA,NA,NAT14,NA
466,NA,NA,NA,NA,NA,NA,NA,TOR3A,NA,NA,MZT1,NA
467,NA,NA,NA,NA,NA,NA,NA,MPPED2,NA,NA,UTP11,NA
468,NA,NA,NA,NA,NA,NA,NA,SLC41A2,NA,NA,DKC1,NA
469,NA,NA,NA,NA,NA,NA,NA,NR4A1,NA,NA,YWHAG,NA
470,NA,NA,NA,NA,NA,NA,NA,CHMP5,NA,NA,TP53,NA
471,NA,NA,NA,NA,NA,NA,NA,PKM,NA,NA,SNRPA,NA
472,NA,NA,NA,NA,NA,NA,NA,TM2D3,NA,NA,NDUFS6,NA
473,NA,NA,NA,NA,NA,NA,NA,ARHGAP17,NA,NA,MAGOHB,NA
474,NA,NA,NA,NA,NA,NA,NA,LAIR2,NA,NA,SHMT2,NA
475,NA,NA,NA,NA,NA,NA,NA,HSH2D,NA,NA,WDR5,NA
476,NA,NA,NA,NA,NA,NA,NA,STX17,NA,NA,PSAT1,NA
477,NA,NA,NA,NA,NA,NA,NA,GPA33,NA,NA,SAAL1,NA
478,NA,NA,NA,NA,NA,NA,NA,RAMP1,NA,NA,SNRNP25,NA
479,NA,NA,NA,NA,NA,NA,NA,HERC6,NA,NA,HSPA14,NA
480,NA,NA,NA,NA,NA,NA,NA,CEP44,NA,NA,PSMC3,NA
481,NA,NA,NA,NA,NA,NA,NA,C19orf66,NA,NA,NDUFB6,NA
482,NA,NA,NA,NA,NA,NA,NA,HERC5,NA,NA,AP001347.1,NA
483,NA,NA,NA,NA,NA,NA,NA,CTSB,NA,NA,TRAIP,NA
484,NA,NA,NA,NA,NA,NA,NA,HYKK,NA,NA,ANAPC15,NA
485,NA,NA,NA,NA,NA,NA,NA,FURIN,NA,NA,CHRAC1,NA
486,NA,NA,NA,NA,NA,NA,NA,RAB5B,NA,NA,CPSF3,NA
487,NA,NA,NA,NA,NA,NA,NA,NKILA,NA,NA,PXMP2,NA
488,NA,NA,NA,NA,NA,NA,NA,NOTUM,NA,NA,EFNB2,NA
489,NA,NA,NA,NA,NA,NA,NA,SIRPG,NA,NA,ACAT2,NA
490,NA,NA,NA,NA,NA,NA,NA,VSTM4,NA,NA,IDH3A,NA
491,NA,NA,NA,NA,NA,NA,NA,USP35,NA,NA,POLR2D,NA
492,NA,NA,NA,NA,NA,NA,NA,USP47,NA,NA,SEH1L,NA
493,NA,NA,NA,NA,NA,NA,NA,HECTD2,NA,NA,FKBP4,NA
494,NA,NA,NA,NA,NA,NA,NA,OR3A1,NA,NA,TTLL12,NA
495,NA,NA,NA,NA,NA,NA,NA,TRAF1,NA,NA,PA2G4,NA
496,NA,NA,NA,NA,NA,NA,NA,ICOS,NA,NA,DDX11.AS1,NA
497,NA,NA,NA,NA,NA,NA,NA,PNPT1,NA,NA,CCT5,NA
498,NA,NA,NA,NA,NA,NA,NA,AC017002.3,NA,NA,NDUFB3,NA
499,NA,NA,NA,NA,NA,NA,NA,SETMAR,NA,NA,NABP2,NA
500,NA,NA,NA,NA,NA,NA,NA,TRMT1L,NA,NA,SRRT,NA
501,NA,NA,NA,NA,NA,NA,NA,VMP1,NA,NA,WDR90,NA
502,NA,NA,NA,NA,NA,NA,NA,ZNF37A,NA,NA,PPIH,NA
503,NA,NA,NA,NA,NA,NA,NA,SARDH,NA,NA,NME4,NA
504,NA,NA,NA,NA,NA,NA,NA,XCL1,NA,NA,TPGS2,NA
505,NA,NA,NA,NA,NA,NA,NA,MCL1,NA,NA,USP14,NA
506,NA,NA,NA,NA,NA,NA,NA,LGALS3BP,NA,NA,ANAPC11,NA
507,NA,NA,NA,NA,NA,NA,NA,NA,NA,NA,PGD,NA
508,NA,NA,NA,NA,NA,NA,NA,NA,NA,NA,COPS3,NA
509,NA,NA,NA,NA,NA,NA,NA,NA,NA,NA,GSTP1,NA
510,NA,NA,NA,NA,NA,NA,NA,NA,NA,NA,SF3B6,NA
511,NA,NA,NA,NA,NA,NA,NA,NA,NA,NA,PSMD14,NA
512,NA,NA,NA,NA,NA,NA,NA,NA,NA,NA,NDUFAB1,NA
513,NA,NA,NA,NA,NA,NA,NA,NA,NA,NA,COMMD4,NA
514,NA,NA,NA,NA,NA,NA,NA,NA,NA,NA,PSMD1,NA
515,NA,NA,NA,NA,NA,NA,NA,NA,NA,NA,ATP2A1,NA
516,NA,NA,NA,NA,NA,NA,NA,NA,NA,NA,SPINDOC,NA
517,NA,NA,NA,NA,NA,NA,NA,NA,NA,NA,LRRC34,NA
518,NA,NA,NA,NA,NA,NA,NA,NA,NA,NA,IPO5,NA
519,NA,NA,NA,NA,NA,NA,NA,NA,NA,NA,BARD1,NA
520,NA,NA,NA,NA,NA,NA,NA,NA,NA,NA,TIMM23,NA
521,NA,NA,NA,NA,NA,NA,NA,NA,NA,NA,PLAUR,NA
522,NA,NA,NA,NA,NA,NA,NA,NA,NA,NA,IDH2,NA
523,NA,NA,NA,NA,NA,NA,NA,NA,NA,NA,SREBF2,NA
524,NA,NA,NA,NA,NA,NA,NA,NA,NA,NA,ZSCAN16.AS1,NA
525,NA,NA,NA,NA,NA,NA,NA,NA,NA,NA,KDELC2,NA
526,NA,NA,NA,NA,NA,NA,NA,NA,NA,NA,COX7B,NA
527,NA,NA,NA,NA,NA,NA,NA,NA,NA,NA,DBF4,NA
528,NA,NA,NA,NA,NA,NA,NA,NA,NA,NA,FAM98B,NA
529,NA,NA,NA,NA,NA,NA,NA,NA,NA,NA,MAGOH,NA
530,NA,NA,NA,NA,NA,NA,NA,NA,NA,NA,CBX5,NA
531,NA,NA,NA,NA,NA,NA,NA,NA,NA,NA,TUBB4B,NA
532,NA,NA,NA,NA,NA,NA,NA,NA,NA,NA,RPP25,NA
533,NA,NA,NA,NA,NA,NA,NA,NA,NA,NA,HSPD1,NA
534,NA,NA,NA,NA,NA,NA,NA,NA,NA,NA,HIST1H1D,NA
535,NA,NA,NA,NA,NA,NA,NA,NA,NA,NA,TIMM13,NA
536,NA,NA,NA,NA,NA,NA,NA,NA,NA,NA,EIF2S2,NA
537,NA,NA,NA,NA,NA,NA,NA,NA,NA,NA,FDPS,NA
538,NA,NA,NA,NA,NA,NA,NA,NA,NA,NA,DHX15,NA
539,NA,NA,NA,NA,NA,NA,NA,NA,NA,NA,TMA16,NA
540,NA,NA,NA,NA,NA,NA,NA,NA,NA,NA,AHCY,NA
541,NA,NA,NA,NA,NA,NA,NA,NA,NA,NA,SUV39H2,NA
542,NA,NA,NA,NA,NA,NA,NA,NA,NA,NA,AK2,NA
543,NA,NA,NA,NA,NA,NA,NA,NA,NA,NA,RUVBL1,NA
544,NA,NA,NA,NA,NA,NA,NA,NA,NA,NA,IPO7,NA
545,NA,NA,NA,NA,NA,NA,NA,NA,NA,NA,ILF2,NA
546,NA,NA,NA,NA,NA,NA,NA,NA,NA,NA,COX5A,NA
547,NA,NA,NA,NA,NA,NA,NA,NA,NA,NA,CNN3,NA
548,NA,NA,NA,NA,NA,NA,NA,NA,NA,NA,ACYP1,NA
549,NA,NA,NA,NA,NA,NA,NA,NA,NA,NA,TPRKB,NA
550,NA,NA,NA,NA,NA,NA,NA,NA,NA,NA,CTXN1,NA
551,NA,NA,NA,NA,NA,NA,NA,NA,NA,NA,ARL6IP6,NA
552,NA,NA,NA,NA,NA,NA,NA,NA,NA,NA,YWHAE,NA
553,NA,NA,NA,NA,NA,NA,NA,NA,NA,NA,NEURL1B,NA
554,NA,NA,NA,NA,NA,NA,NA,NA,NA,NA,GLRX5,NA
555,NA,NA,NA,NA,NA,NA,NA,NA,NA,NA,INCENP,NA
556,NA,NA,NA,NA,NA,NA,NA,NA,NA,NA,HIST1H1A,NA
557,NA,NA,NA,NA,NA,NA,NA,NA,NA,NA,NAA38,NA
558,NA,NA,NA,NA,NA,NA,NA,NA,NA,NA,NOLC1,NA
559,NA,NA,NA,NA,NA,NA,NA,NA,NA,NA,SEM1,NA
560,NA,NA,NA,NA,NA,NA,NA,NA,NA,NA,RB1,NA
561,NA,NA,NA,NA,NA,NA,NA,NA,NA,NA,VBP1,NA
562,NA,NA,NA,NA,NA,NA,NA,NA,NA,NA,CACYBP,NA
563,NA,NA,NA,NA,NA,NA,NA,NA,NA,NA,HPF1,NA
564,NA,NA,NA,NA,NA,NA,NA,NA,NA,NA,SEPHS1,NA
565,NA,NA,NA,NA,NA,NA,NA,NA,NA,NA,SLC29A1,NA
566,NA,NA,NA,NA,NA,NA,NA,NA,NA,NA,MCUR1,NA
567,NA,NA,NA,NA,NA,NA,NA,NA,NA,NA,HMGXB4,NA
